URI (do not chage)	Name (do not change)	Status	Label (must start with LOW case)	Suggested label (must start with LOW case)	Comment	Suggested Comment	Lydie's comment	Source file (do not change)
http://nextprot.org/rdf#absorptionMax	absorptionMax		absorption max	absorption max	Links an isoform to an annotation	Links an isoform to an absorption max annotation	OK	AnnotationCategory.java:label,schema-annotation-list.ttl.vm:comment
http://nextprot.org/rdf#absorptionNote	absorptionNote		absorption note	absorption note	Links an isoform to an annotation	Links an isoform to an absorption note annotation	OK	AnnotationCategory.java:label,schema-annotation-list.ttl.vm:comment
http://nextprot.org/rdf#accession	accession		accession	accession	Links a cross-reference to a string uniquely identifying it in its database	Links a cross reference to its source database using a string uniquely identifying it	Links a cross-reference or an identifier to a string uniquely identifying it in its source database	schema-database.ttl.vm
http://nextprot.org/rdf#activeSite	activeSite		active site	active site	Links an isoform to an annotation	Links an isoform to an active site annotation	OK	AnnotationCategory.java:label,schema-annotation-list.ttl.vm:comment
http://nextprot.org/rdf#activityRegulation	activityRegulation		activity regulation	activity regulation	Links an isoform to an annotation	Links an isoform to an activity regulation annotation	OK	AnnotationCategory.java:label,schema-annotation-list.ttl.vm:comment
http://nextprot.org/rdf#alleleCount	alleleCount		allele count	allele count		Links an evidence for a variant (allele) to its count in a population	OK	additional-properties-def.ttl.vm
http://nextprot.org/rdf#alleleFrequency	alleleFrequency		allele frequency	allele frequency		Links an evidence for a variant (allele) to its frequency in a population	OK	additional-properties-def.ttl.vm
http://nextprot.org/rdf#alleleNumber	alleleNumber		allele number	allele number		Links an evidence for a variant (allele) to the total number of alleles assessed in a population	OK	additional-properties-def.ttl.vm
http://nextprot.org/rdf#allergen	allergen		allergen	allergen	Links an isoform to an annotation	Links an isoform to an allergen annotation	OK	AnnotationCategory.java:label,schema-annotation-list.ttl.vm:comment
http://nextprot.org/rdf#alternativeName	alternativeName		alternative name	alternative name	Property linking a protein or a gene to an alternative name	Links a protein, gene or isoform to an alternative name	OK	schema-ontology-list.ttl.vm
http://nextprot.org/rdf#antibodiesAcc	antibodiesAcc	private	antibodies acc	antibody accession		Links an antibody to its source database using a string uniquely identifying it	similar to antibody name (Pam to check)	additional-properties-def.ttl.vm
http://nextprot.org/rdf#antibodyMapping	antibodyMapping		antibody mapping	antibody mapping	Links an isoform to an annotation	Links an isoform to an antibody mapping annotation	OK	AnnotationCategory.java:label,schema-annotation-list.ttl.vm:comment
http://nextprot.org/rdf#antibodyName	antibodyName		antibody name	antibody name		Links an antibody to an antibody name	Links an antibody mapping annotation to the antibody name	additional-properties-def.ttl.vm
http://nextprot.org/rdf#antibodyUniqueness	antibodyUniqueness	renamed	antibody unicity	antibody uniqueness		Links an antibody to an antibody unicity, i.e. whether it maps uniquely to a protein entry or not	Links an antibody mapping annotation to its unicity, i.e. whether it maps uniquely to a protein entry or not 	additional-properties-def.ttl.vm
http://nextprot.org/rdf#assignedBy	assignedBy		assigned by	assigned by	Links an evidence to its source	Links an evidence to its source	OK	schema-evidence-list.ttl.vm
http://nextprot.org/rdf#author	author		author	author		Links a publication to an author	Links a publication to a person who contributed in the writing	additional-properties-def.ttl.vm
http://nextprot.org/rdf#band	band		band	chromosomal band		Links a gene to a chromosomal band 	Links a gene to its chromosomal band 	additional-properties-def.ttl.vm
http://nextprot.org/rdf#begin	begin		begin	begin		Links a gene to the position on the chromosome marking the beginning of the gene	OK	additional-properties-def.ttl.vm
http://nextprot.org/rdf#bestGeneMapping	bestGeneMapping		best gene mapping	best gene mapping		Links a gene to a best mapping gene	Links a gene to it being chosen as the representative gene for a multigenic entry	additional-properties-def.ttl.vm
http://nextprot.org/rdf#betaStrand	betaStrand		beta strand	beta strand	Links an isoform to an annotation	Links an isoform to a beta strand annotation	OK	AnnotationCategory.java:label,schema-annotation-list.ttl.vm:comment
http://nextprot.org/rdf#binaryInteraction	binaryInteraction		binary interaction	binary interaction	Links an isoform to an annotation	Links an isoform or proteoform to binary interaction annotation	Links an isoform to a binary interaction annotation	AnnotationCategory.java:label,schema-annotation-list.ttl.vm:comment
http://nextprot.org/rdf#bindingSite	bindingSite		binding site	binding site	Links an isoform to an annotation	Links an isoform to a binding site annotation	OK	AnnotationCategory.java:label,schema-annotation-list.ttl.vm:comment
http://nextprot.org/rdf#biophysicochemicalProperty	biophysicochemicalProperty		biophysicochemical property	biophysicochemical property	Links an isoform to an annotation	Links an isoform to a biophysicochemical property annotation	OK	AnnotationCategory.java:label,schema-annotation-list.ttl.vm:comment
http://nextprot.org/rdf#calciumBindingRegion	calciumBindingRegion		calcium-binding region	calcium-binding region	Links an isoform to an annotation	Links an isoform to a calcium-binding region annotation	OK	AnnotationCategory.java:label,schema-annotation-list.ttl.vm:comment
http://nextprot.org/rdf#canonicalIsoform	canonicalIsoform	private	canonical isoform	canonical isoform		Links an isoform to the canonical isoform in Uniprot	delete (replace by swissprotdisplayed)	additional-properties-def.ttl.vm
http://nextprot.org/rdf#catalyticActivity	catalyticActivity		catalytic activity	catalytic activity	Links an isoform to an annotation	Links an isoform to a catalytic activity annotation	OK	AnnotationCategory.java:label,schema-annotation-list.ttl.vm:comment
http://nextprot.org/rdf#category	category		category	category	Links a a database to its category	Links a database to its category	OK	schema-database.ttl.vm
http://nextprot.org/rdf#caution	caution		caution	caution	Links an isoform to an annotation	Links an isoform to a caution annotation	OK	AnnotationCategory.java:label,schema-annotation-list.ttl.vm:comment
http://nextprot.org/rdf#cellLine	cellLine		cell line	cell line	Links a particular cell line used in the experimental context	Links an experimental context to a cell line	OK	schema-experimental-context.ttl.vm
http://nextprot.org/rdf#cellularComponent	cellularComponent		cellular component	cellular component	Links an isoform to an annotation	Links an isoform to a cellular component annotation	OK	AnnotationCategory.java:label,schema-annotation-list.ttl.vm:comment
http://nextprot.org/rdf#chain	chain		chain	chain		Links a sequence to a chain	Links a protein sequence to its aminoacid sequence	additional-properties-def.ttl.vm
http://nextprot.org/rdf#childOf	childOf		child of	child of	A relationship between two terms meaning that the object term is more specific than the subjet term	A relationship between two terms indicating that the object term is more specific than the subjet term	OK	schema-ontology-list.ttl.vm
http://nextprot.org/rdf#chromosome	chromosome		chromosome	chromosome		Links a gene to a chromosome	Links a gene to the chromosome where it is located	additional-properties-def.ttl.vm
http://nextprot.org/rdf#city	city		city	city		Links a publication to a city where it was published	OK	additional-properties-def.ttl.vm
http://nextprot.org/rdf#classifiedWith	classifiedWith	private	classified with	classified with		Links an isoform to an enzyme classification term	redundant with enzyme classification (Pam to check)	additional-properties-def.ttl.vm
http://nextprot.org/rdf#cleavageSite	cleavageSite		cleavage site	cleavage site	Links an isoform to an annotation	Links an isoform to a cleavage site annotation	OK	AnnotationCategory.java:label,schema-annotation-list.ttl.vm:comment
http://nextprot.org/rdf#cofactor	cofactor		cofactor	cofactor	Links an isoform to an annotation	Links an isoform to a cofactor annotation	OK	AnnotationCategory.java:label,schema-annotation-list.ttl.vm:comment
http://nextprot.org/rdf#cofactorInfo	cofactorInfo		cofactor information	cofactor information	Links an isoform to an annotation	Links an isoform to a cofactor information annotation	OK	AnnotationCategory.java:label,schema-annotation-list.ttl.vm:comment
http://nextprot.org/rdf#coiledCoilRegion	coiledCoilRegion		coiled-coil region	coiled-coil region	Links an isoform to an annotation	Links an isoform to a coiled-coil region annotation	OK	AnnotationCategory.java:label,schema-annotation-list.ttl.vm:comment
http://nextprot.org/rdf#compositionallyBiasedRegion	compositionallyBiasedRegion		compositionally biased region	compositionally biased region	Links an isoform to an annotation	Links an isoform to a compositionally biased region annotation	OK	AnnotationCategory.java:label,schema-annotation-list.ttl.vm:comment
http://nextprot.org/rdf#crossLink	crossLink		cross-link	cross-link	Links an isoform to an annotation	Links an isoform to a cross-link annotation	OK	AnnotationCategory.java:label,schema-annotation-list.ttl.vm:comment
http://nextprot.org/rdf#description	description	private	description	description		Links a family name to a description	redundant with family names  (Pam to check)	additional-properties-def.ttl.vm
http://nextprot.org/rdf#detectedExpression	detectedExpression		detected expression	detected expression		Links an isoform to at least one detectable level of expression	expression model - under revision	additional-properties-def.ttl.vm
http://nextprot.org/rdf#developmentalStage	developmentalStage		developmental stage	developmental stage	Links a developmental stage associated to the sample used in the experimental context	Links an experimental context to a developmental stage	OK	schema-experimental-context.ttl.vm
http://nextprot.org/rdf#developmentalStageInfo	developmentalStageInfo		developmental stage	developmental stage expression information	Links an isoform to an annotation	Links an isoform to a developmental stage information annotation	OK	AnnotationCategory.java:label,schema-annotation-list.ttl.vm:comment
http://nextprot.org/rdf#disease	disease		disease	disease	Links an isoform to an annotation	Links an isoform to a disease annotation or an experimental context to a disease term	OK	AnnotationCategory.java:label,schema-annotation-list.ttl.vm:comment
http://nextprot.org/rdf#diseaseRelatedVariant	diseaseRelatedVariant		disease-related variant	disease-related variant	Links an isoform to an annotation	Links an proteoform to a disease-related variant annotation	OK pam: i fixed the comment	AnnotationCategory.java:label,schema-annotation-list.ttl.vm:comment
http://nextprot.org/rdf#disulfideBond	disulfideBond		disulfide bond	disulfide bond	Links an isoform to an annotation	Links an isoform to a disulfide bond annotation	OK	AnnotationCategory.java:label,schema-annotation-list.ttl.vm:comment
http://nextprot.org/rdf#dnaBindingRegion	dnaBindingRegion		dna-binding region	dna-binding region	Links an isoform to an annotation	Links an isoform to a DNA-binding region annotation	OK	AnnotationCategory.java:label,schema-annotation-list.ttl.vm:comment
http://nextprot.org/rdf#domain	domain		domain	domain	Links an isoform to an annotation	Links an isoform to a domain annotation	OK	AnnotationCategory.java:label,schema-annotation-list.ttl.vm:comment
http://nextprot.org/rdf#domainInfo	domainInfo		domain information	domain information	Links an isoform to an annotation	Links an isoform to a domain information annotation	OK	AnnotationCategory.java:label,schema-annotation-list.ttl.vm:comment
http://nextprot.org/rdf#editor	editor		editor	editor		Links  a publication to an editor	Links a publication to a person who edited it	additional-properties-def.ttl.vm
http://nextprot.org/rdf#electrophysiologicalParameter	electrophysiologicalParameter	Private	electrophysiological parameter	electrophysiological parameter	Links an isoform to an annotation	Links an isoform to an eletrophysiological parameter annotation	OK pam: this property is removed because we now don't link  ElectrophysiologicalParameter to isoform any more. Only proteoforms have an impact on this kinf of annotations.	AnnotationCategory.java:label,schema-annotation-list.ttl.vm:comment
http://nextprot.org/rdf#end	end		end	end		Links a gene to the position on the chromosome marking the end of the gene or a positional annotation with the end of the positional feature	Links a gene to the position on the chromosome marking the end of the gene or a positional annotation with the end of the positional feature (Pam TO DO) pam: done, comment adaptd	additional-properties-def.ttl.vm
http://nextprot.org/rdf#entryAnnotationId	entryAnnotationId		entry annotation id	entry annotation id		Links an annotation to an entry annotation identifier	Unique link between an entry and an annotation	additional-properties-def.ttl.vm
http://nextprot.org/rdf#enzymeClassification	enzymeClassification		enzyme classification	enzyme classification	Links an isoform to an annotation	Links an isoform to an enzyme classification annotation	OK	AnnotationCategory.java:label,schema-annotation-list.ttl.vm:comment
http://nextprot.org/rdf#evidence	evidence		evidence	evidence	Links an annotation with the evidence supporting it	Links an annotation to an evidence	OK	schema-evidence-list.ttl.vm
http://nextprot.org/rdf#evidenceCode	evidenceCode		evidence code	evidence code		Links an evidence to an evidence code	OK	additional-properties-def.ttl.vm
http://nextprot.org/rdf#existence	existence		existence	existence	link between a protein entry and its existence level	Links a protein entry to a protein existence level	OK	schema-entry-isoform.ttl.vm
http://nextprot.org/rdf#experimentalContext	experimentalContext		experimental context	experimental context	Links an evidence with its experimental context	Links an evidence to an experimental context	OK	schema-experimental-context.ttl.vm
http://nextprot.org/rdf#expression	expression		expression	expression	Links an isoform to an annotation	Links an isoform to an expression annotation	OK	AnnotationCategory.java:label,schema-annotation-list.ttl.vm:comment
http://nextprot.org/rdf#expressionInfo	expressionInfo		expression info	expression information	Links an isoform to an annotation	Links an isoform to an expression information annotation	OK	AnnotationCategory.java:label,schema-annotation-list.ttl.vm:comment
http://nextprot.org/rdf#observedExpression	observedExpression	renamed from expressionLevel to observedExpression	expression level	observed expression		Links an evidence to an observed expression level	expression model - under revision pam: done	additional-properties-def.ttl.vm
http://nextprot.org/rdf#expressionProfile	expressionProfile		expression profile	expression profile	Links an isoform to an annotation	Links an isoform to an expression profile annotation	OK	AnnotationCategory.java:label,schema-annotation-list.ttl.vm:comment
http://nextprot.org/rdf#expressionScore	expressionScore		expression score	expression score		Links an evidence to an expression score	expression model - under revision	additional-properties-def.ttl.vm
http://nextprot.org/rdf#familyName	familyName		family name	family name	Links an isoform to an annotation	Links an isoform to a family name annotation	OK	AnnotationCategory.java:label,schema-annotation-list.ttl.vm:comment
http://nextprot.org/rdf#firstPage	firstPage		first page	first page		Links a publication to the first page of the publication	Links a publication to its first page number 	additional-properties-def.ttl.vm
http://nextprot.org/rdf#from	from		from	from		Links a publication to a PMID or DOI cross reference	Links a publication to its PMID or DOI cross reference	additional-properties-def.ttl.vm
http://nextprot.org/rdf#fromDatabase	fromDatabase	renamed	from xref	from database		Links an evidence to the database of the cross reference that the evidence is based on	OK	additional-properties-def.ttl.vm
http://nextprot.org/rdf#function	function		function	function	Links an isoform to an annotation	Links an isoform to a function annotation	OK	AnnotationCategory.java:label,schema-annotation-list.ttl.vm:comment
http://nextprot.org/rdf#functionInfo	functionInfo		function info	function information	Links an isoform to an annotation	Links an isoform to a function information annotation	OK	AnnotationCategory.java:label,schema-annotation-list.ttl.vm:comment
http://nextprot.org/rdf#gene	gene		gene	gene		Links a gene to a protein entry	Links a protein to its encoding gene	additional-properties-def.ttl.vm
http://nextprot.org/rdf#generalAnnotation	generalAnnotation		general annotation	general annotation	Links an isoform to an annotation	Links an isoform to a general annotation (function, expression, etc.)	OK	AnnotationCategory.java:label,schema-annotation-list.ttl.vm:comment
http://nextprot.org/rdf#glycosylationSite	glycosylationSite		glycosylation site	glycosylation site	Links an isoform to an annotation	Links an isoform to a glycosylation site annotation	OK	AnnotationCategory.java:label,schema-annotation-list.ttl.vm:comment
http://nextprot.org/rdf#goBiologicalProcess	goBiologicalProcess		go biological process	go biological process	Links an isoform to an annotation	Links an isoform to a GO biological process annotation or a GO biological process annotation to a phenotypic variation	Links an isoform to a GO biological process annotation 	AnnotationCategory.java:label,schema-annotation-list.ttl.vm:comment
http://nextprot.org/rdf#goCellularComponent	goCellularComponent		go cellular component	go cellular component	Links an isoform to an annotation	Links an isoform to a GO cellular component annotation or a GO cellular component annotation to a phenotypic variation	Links an isoform to a GO cellular component annotation 	AnnotationCategory.java:label,schema-annotation-list.ttl.vm:comment
http://nextprot.org/rdf#goMolecularFunction	goMolecularFunction		go molecular function	go molecular function	Links an isoform to an annotation	Links an isoform to a GO molecular function annotation or a GO molecular function annotation to a phenotypic variation	Links an isoform to a GO molecular function annotation 	AnnotationCategory.java:label,schema-annotation-list.ttl.vm:comment
http://nextprot.org/rdf#goQualifier	goQualifier		go qualifier	go qualifier		Links a GO qualifier to a GO biological process, cellular component or molecular function annotation	TO DO Pam: add Go qualifier class	additional-properties-def.ttl.vm
http://nextprot.org/rdf#helix	helix		helix	helix	Links an isoform to an annotation	Links an isoform to a helix annotation	OK	AnnotationCategory.java:label,schema-annotation-list.ttl.vm:comment
http://nextprot.org/rdf#hgvs	hgvs		hgvs	hgvs		Links a variant annotation to a HGVS name	Links a variant or a mutagenesis annotation to a HGVS name	additional-properties-def.ttl.vm
http://nextprot.org/rdf#highExpression	highExpression		high expression	high expression		Links an isoform to a high level of expression	expression model - under revision	additional-properties-def.ttl.vm
http://nextprot.org/rdf#history	history		history	history		Links a protein entry to its history in UniProt or neXtProt	OK	additional-properties-def.ttl.vm
http://nextprot.org/rdf#homozygoteCount	homozygoteCount		homozygote count	homozygote allele count		Links a variant annotation to the homozygote allele count in a population	Links an evidence for a variant (allele) to its homozygote count in a population	additional-properties-def.ttl.vm
http://nextprot.org/rdf#impactedObject	impactedObject		impacted object	impacted object		Links a phenotypic variation annotation or disease-related variant to an impacted object	Links a phenotype variation annotation to an abnormal mammalian phenotype, electrophysiological parameter, binary interaction, protein property or GO annotation, or a disease-related variant to a disease	additional-properties-def.ttl.vm
http://nextprot.org/rdf#induction	induction		induction	induction	Links an isoform to an annotation	Links an isoform to an induction annotation	OK	AnnotationCategory.java:label,schema-annotation-list.ttl.vm:comment
http://nextprot.org/rdf#initiatorMethionine	initiatorMethionine		initiator methionine	initiator methionine	Links an isoform to an annotation	Links an isoform to an initiator methionine annotation	OK	AnnotationCategory.java:label,schema-annotation-list.ttl.vm:comment
http://nextprot.org/rdf#integrated	integrated		integrated	integrated		Links a  UniprotHistory or NextprotHistory to the date of integration	OK	additional-properties-def.ttl.vm
http://nextprot.org/rdf#integrationLevel	integrationLevel	private	integration level	integration level	antibody integration level			schema-evidence-list.ttl.vm
http://nextprot.org/rdf#severity	severity	renamed	intensity	severity		Links the evidence of a phenotypic variation annotation to a severity	Links the evidence of a phenotypic variation annotation to the severity of the impact 	additional-properties-def.ttl.vm
http://nextprot.org/rdf#interactant	interactant		interactant	interactant		Links an isoform to an interactant (an entry, isoform or cross-reference)	OK	additional-properties-def.ttl.vm
http://nextprot.org/rdf#interactingRegion	interactingRegion		interacting region	interacting region	Links an isoform to an annotation	Links an isoform to a interacting region annotation	OK	AnnotationCategory.java:label,schema-annotation-list.ttl.vm:comment
http://nextprot.org/rdf#interaction	interaction		interaction	interaction	Links an isoform to an annotation	Links an isoform to an interaction annotation	OK	AnnotationCategory.java:label,schema-annotation-list.ttl.vm:comment
http://nextprot.org/rdf#interactionDetectionMethod	interactionDetectionMethod		interaction detection method	interaction detection method		Links an evidence to an interaction detection method	Links an evidence for a binary interaction to an interaction detection method	additional-properties-def.ttl.vm
http://nextprot.org/rdf#interactionInfo	interactionInfo		interaction info	interaction information	Links an isoform to an annotation	Links an isoform to an interaction information annotation	OK	AnnotationCategory.java:label,schema-annotation-list.ttl.vm:comment
http://nextprot.org/rdf#interactionMapping	interactionMapping		interaction mapping	interaction mapping	Links an isoform to an annotation	Links an isoform to an interaction mapping annotation	OK	AnnotationCategory.java:label,schema-annotation-list.ttl.vm:comment
http://nextprot.org/rdf#intramembraneRegion	intramembraneRegion		intramembrane region	intramembrane region	Links an isoform to an annotation	Links an isoform to an intramembrane region annotation	OK	AnnotationCategory.java:label,schema-annotation-list.ttl.vm:comment
http://nextprot.org/rdf#isoelectricPoint	isoelectricPoint		isoelectric point	isoelectric point		Links an isoform sequence to an isoelectric point	Links a protein sequence to its isoelectric point 	additional-properties-def.ttl.vm
http://nextprot.org/rdf#isoform	isoform		isoform	isoform		Links a protein entry to an isoform	OK	additional-properties-def.ttl.vm
http://nextprot.org/rdf#isoformCount	isoformCount		isoform count	isoform count		Links a protein entry to the isoform count	OK	additional-properties-def.ttl.vm
http://nextprot.org/rdf#issue	issue		issue	issue		Links a publication to an issue	Links a publication to its issue number	additional-properties-def.ttl.vm
http://nextprot.org/rdf#journal	journal		journal	journal		Links a publication to a journal	Links a publication to the name of the journal where it was published	additional-properties-def.ttl.vm
http://nextprot.org/rdf#keyword	keyword	Private	keywords	keywords	Links an isoform to an annotation			AnnotationCategory.java:label,schema-annotation-list.ttl.vm:comment
http://nextprot.org/rdf#kineticKM	kineticKM		kinetic km	kinetic km	Links an isoform to an annotation	Links an isoform to a kinetic KM annotation	OK	AnnotationCategory.java:label,schema-annotation-list.ttl.vm:comment
http://nextprot.org/rdf#kineticNote	kineticNote		kinetic note	kinetic note	Links an isoform to an annotation	Links an isoform to a kinetic note annotation	OK	AnnotationCategory.java:label,schema-annotation-list.ttl.vm:comment
http://nextprot.org/rdf#kineticVmax	kineticVmax		kinetic vmax	kinetic vmax	Links an isoform to an annotation	Links an isoform to a kinetic Vmax annotation	OK	AnnotationCategory.java:label,schema-annotation-list.ttl.vm:comment
http://nextprot.org/rdf#lastPage	lastPage		last page	last page		Links a publication to the last page	Links a publication to its last page number	additional-properties-def.ttl.vm
http://nextprot.org/rdf#lastSequenceUpdate	lastSequenceUpdate		last sequence update	last sequence update		Links a  UniprotHistory to the last sequence update date 	OK	additional-properties-def.ttl.vm
http://nextprot.org/rdf#length	length		length	length		Links an isoform sequence to a length (no. of amino acids)	Links a protein sequence to its length (no. of amino acids)	additional-properties-def.ttl.vm
http://nextprot.org/rdf#level	level		level	protein existence level		Links a protein entry to a protein existence level	Links a protein existence annotation to its numerical value	additional-properties-def.ttl.vm
http://nextprot.org/rdf#lipidationSite	lipidationSite		lipid moiety-binding region	lipid moiety-binding region	Links an isoform to an annotation	Links an isoform to a lipid moiety-binding region annotation	OK	AnnotationCategory.java:label,schema-annotation-list.ttl.vm:comment
http://nextprot.org/rdf#lowExpression	lowExpression		low expression	low expression		Links an isoform to a low level of expression	expression model - under revision	additional-properties-def.ttl.vm
http://nextprot.org/rdf#mammalianPhenotype	mammalianPhenotype	private	mammalian phenotype		Links an isoform to an annotation	Links an isoform to mammalian phenotype annotation	OK delete (unnecessary)	AnnotationCategory.java:label,schema-annotation-list.ttl.vm:comment
http://nextprot.org/rdf#mapping	mapping		mapping	mapping	Links an isoform to an annotation	Links an isoform to a mapping annotation (antibody mapping, peptide mapping, etc.)	OK	AnnotationCategory.java:label,schema-annotation-list.ttl.vm:comment
http://nextprot.org/rdf#matureProtein	matureProtein		mature protein	mature protein	Links an isoform to an annotation	Links an isoform to a mature protein annotation	OK	AnnotationCategory.java:label,schema-annotation-list.ttl.vm:comment
http://nextprot.org/rdf#medical	medical		medical	medical	Links an isoform to an annotation	Links an isoform to a medical annotation (disease, pharmaceutical, etc.)	OK	AnnotationCategory.java:label,schema-annotation-list.ttl.vm:comment
http://nextprot.org/rdf#mediumExpression	mediumExpression		medium expression	medium expression		Links an isoform to a medium level of expression	expression model - under revision	additional-properties-def.ttl.vm
http://nextprot.org/rdf#metadata	metadata		metadata	metadata		Links an evidence to metadata	OK	additional-properties-def.ttl.vm
http://nextprot.org/rdf#metalBindingSite	metalBindingSite		metal binding site	metal binding site	Links an isoform to an annotation	Links an isoform to a metal binding site annotation	OK	AnnotationCategory.java:label,schema-annotation-list.ttl.vm:comment
http://nextprot.org/rdf#method	method		method	method		Links a pdb mapping annotation to a method	OK	additional-properties-def.ttl.vm
http://nextprot.org/rdf#miscellaneous	miscellaneous		miscellaneous	miscellaneous	Links an isoform to an annotation	Links an isoform to a miscellaneous annotation	OK	AnnotationCategory.java:label,schema-annotation-list.ttl.vm:comment
http://nextprot.org/rdf#miscellaneousRegion	miscellaneousRegion		miscellaneous region	miscellaneous region	Links an isoform to an annotation	Links an isoform to a miscellaneous region annotation	OK	AnnotationCategory.java:label,schema-annotation-list.ttl.vm:comment
http://nextprot.org/rdf#miscellaneousSite	miscellaneousSite		miscellaneous site	miscellaneous site	Links an isoform to an annotation	Links an isoform to a miscellaneous site annotation	OK	AnnotationCategory.java:label,schema-annotation-list.ttl.vm:comment
http://nextprot.org/rdf#mitochondrialTransitPeptide	mitochondrialTransitPeptide		mitochondrial transit peptide	mitochondrial transit peptide	Links an isoform to an annotation	Links an isoform to a mitochondrial transit peptide annotation	OK	AnnotationCategory.java:label,schema-annotation-list.ttl.vm:comment
http://nextprot.org/rdf#difference	modification -> difference	renamed	modification	difference		Links an isoform to a post-translational modification annotation	Links a proteoform to a variant or mutagenesis annotation	additional-properties-def.ttl.vm
http://nextprot.org/rdf#modifiedResidue	modifiedResidue		modified residue	modified residue	Links an isoform to an annotation	Links an isoform to a modified residue annotation	OK	AnnotationCategory.java:label,schema-annotation-list.ttl.vm:comment
http://nextprot.org/rdf#molecularWeight	molecularWeight		molecular weight	molecular weight		Links an isoform sequence to a molecular weight	Links a protein sequence to its molecular weight	additional-properties-def.ttl.vm
http://nextprot.org/rdf#mutagenesis	mutagenesis		mutagenesis	mutagenesis	Links an isoform to an annotation	Links an isoform to a mutagenesis annotation	OK	AnnotationCategory.java:label,schema-annotation-list.ttl.vm:comment
http://nextprot.org/rdf#name	name		name	name	Most general property linking a protein or a gene to a name	Most general property linking a protein, isoform or gene to a name. Also used for person and consortium	Links a protein, isoform, gene, person or consortium to a name	schema-ontology-list.ttl.vm
http://nextprot.org/rdf#negative	negative		negative	negative		Links an annotation to an evidence that is negative	If the value is True,then the evidence contradicts the annotation statement	additional-properties-def.ttl.vm
http://nextprot.org/rdf#negativeEvidence	negativeEvidence		negative evidence	negative evidence	Links an annotation with an evidence unsupporting it	Links a general or positional annotation to an evidence qualified as negative	Links an annotation to an evidence that contradicts the annotation statement	schema-evidence-list.ttl.vm
http://nextprot.org/rdf#nonConsecutiveResidue	nonConsecutiveResidue		non-consecutive residue	non-consecutive residue	Links an isoform to an annotation	Links an isoform to a non-consecutive residue annotation	OK	AnnotationCategory.java:label,schema-annotation-list.ttl.vm:comment
http://nextprot.org/rdf#nonTerminalResidue	nonTerminalResidue		non-terminal residue	non-terminal residue	Links an isoform to an annotation	Links an isoform to a non-terminal residue annotation	OK	AnnotationCategory.java:label,schema-annotation-list.ttl.vm:comment
http://nextprot.org/rdf#nucleotidePhosphateBindingRegion	nucleotidePhosphateBindingRegion		nucleotide phosphate-binding region	nucleotide phosphate-binding region	Links an isoform to an annotation	Links an isoform to a nucleotide phosphate-binding region annotation	OK	AnnotationCategory.java:label,schema-annotation-list.ttl.vm:comment
http://nextprot.org/rdf#numberOfExperiments	numberOfExperiments		number of experiments	number of experiments		Links an evidence of a binary interaction annotation to the number of experiments	OK	additional-properties-def.ttl.vm
http://nextprot.org/rdf#orfName	orfName		orf name	orf name	Property linking a protein or a gene with an ORF name	Property linking a gene with an ORF name	Links a gene to its ORF name	schema-ontology-list.ttl.vm
http://nextprot.org/rdf#original	original		original	original		Links a variant annotation to the original amino acid(s) found at the position of the variant	Links a variant, mutagenesis or conflict annotation to the original amino acid(s) found at the position of the variant	additional-properties-def.ttl.vm
http://nextprot.org/rdf#otherName	otherName		other name	other name	Property linking a recommended name with an other name sometimes used to refer to the same entity	Links the recommended name of an entity to another name which is sometimes used to refer to the same entity	OK	schema-ontology-list.ttl.vm
http://nextprot.org/rdf#pathway	pathway		pathway	pathway	Links an isoform to an annotation	Links an isoform to a pathway annotation	OK	AnnotationCategory.java:label,schema-annotation-list.ttl.vm:comment
http://nextprot.org/rdf#pdbMapping	pdbMapping		pdb mapping	pdb mapping	Links an isoform to an annotation	Links an isoform to a PDB mapping annotation	OK	AnnotationCategory.java:label,schema-annotation-list.ttl.vm:comment
http://nextprot.org/rdf#peptideMapping	peptideMapping		peptide mapping	peptide mapping	Links an isoform to an annotation	Links an isoform to a peptide mapping annotation	OK	AnnotationCategory.java:label,schema-annotation-list.ttl.vm:comment
http://nextprot.org/rdf#peptideName	peptideName		peptide name	peptide name		Links a peptide or SRM peptide annotation to the peptide name	Links a peptide mapping or a SRM peptide mapping annotation to the name of the peptide or SRM peptide	additional-properties-def.ttl.vm
http://nextprot.org/rdf#peptideSource	peptideSource	renamed	peptide set	peptide source		Links a peptide mapping annotation to set of peptides	Links a peptide mapping annotation to its source (database or publication)	additional-properties-def.ttl.vm
http://nextprot.org/rdf#peptideUniqueness	peptideUniqueness	renamed	peptide unicity	peptide uniqueness		Links a peptide to a peptide unicity, i.e. whether it maps uniquely to a protein entry or not	Links a peptide mapping annotation or a SRM peptide mapping annotation to its uniqueness, i.e. whether it maps uniquely to a protein entry or not	additional-properties-def.ttl.vm
http://nextprot.org/rdf#peroxisomeTransitPeptide	peroxisomeTransitPeptide		peroxisome transit peptide	peroxisome transit peptide	Links an isoform to an annotation	Links an isoform to a peroxisome transit peptide annotation	OK	AnnotationCategory.java:label,schema-annotation-list.ttl.vm:comment
http://nextprot.org/rdf#phDependence	phDependence		ph dependence	pH dependence	Links an isoform to an annotation	Links an isoform to a pH dependence annotation	OK	AnnotationCategory.java:label,schema-annotation-list.ttl.vm:comment
http://nextprot.org/rdf#pharmaceutical	pharmaceutical		pharmaceutical	pharmaceutical	Links an isoform to an annotation	Links an isoform to a pharmaceutical annotation	OK	AnnotationCategory.java:label,schema-annotation-list.ttl.vm:comment
http://nextprot.org/rdf#phenotypicVariation	phenotypeVariation	renamed	phenotypic variation	phenotype variation	Links an isoform to an annotation	Links a proteoform to a phenotype variation annotation	Links an isoform to a phenotype variation annotation pam: i fixed the suggested comment	AnnotationCategory.java:label,schema-annotation-list.ttl.vm:comment
http://nextprot.org/rdf#positionalAnnotation	positionalAnnotation		positional annotation	positional annotation	Links an isoform to an annotation	Links an isoform to a positional annotation	OK	AnnotationCategory.java:label,schema-annotation-list.ttl.vm:comment
http://nextprot.org/rdf#processingProduct	processingProduct		processing product	processing product	Links an isoform to an annotation	Links an isoform to a processing product annotation	OK	AnnotationCategory.java:label,schema-annotation-list.ttl.vm:comment
http://nextprot.org/rdf#propeptide	propeptide		maturation peptide	maturation peptide	Links an isoform to an annotation	Links an isoform to a maturation peptide annotation	OK	AnnotationCategory.java:label,schema-annotation-list.ttl.vm:comment
http://nextprot.org/rdf#proteinProperty	proteinProperty	private	protein property	protein property	Links an isoform to an annotation	Links a phenotypic variation annotation to a protein property	OK delete (unnecessary)	AnnotationCategory.java:label,schema-annotation-list.ttl.vm:comment
http://nextprot.org/rdf#proteoform	proteoform		proteoform	proteoform		Links an isoform to a proteoform	OK	additional-properties-def.ttl.vm
http://nextprot.org/rdf#proteotypic	proteotypic		proteotypic	proteotypic		Links a peptide or SRM peptide mapping annotation to a proteotypic flag, i.e. whether it maps uniquely to a protein entry or not	Links a peptide or SRM peptide mapping annotation to a proteotypic flag, i.e. whether it maps uniquely or pseudo-uniquely to a protein entry or not	additional-properties-def.ttl.vm
http://nextprot.org/rdf#provenance	provenance		provenance	provenance	Links a cross-reference or identifier to its database	Links a cross-reference or identifier to its database	OK	schema-database.ttl.vm
http://nextprot.org/rdf#ptm	ptm		ptm	ptm	Links an isoform to an annotation	Links an isoform to a post-translational modification (PTM) annotation	OK	AnnotationCategory.java:label,schema-annotation-list.ttl.vm:comment
http://nextprot.org/rdf#ptmInfo	ptmInfo		ptm info	ptm information	Links an isoform to an annotation	Links an isoform to a post-translational modification (PTM) information annotation	OK	AnnotationCategory.java:label,schema-annotation-list.ttl.vm:comment
http://nextprot.org/rdf#pubType	pubType		pub type	publication type		Links a publication to a publication type (article, book, etc.)	Links a publication to its type (article, book, etc.)	additional-properties-def.ttl.vm
http://nextprot.org/rdf#publisher	publisher		publisher	publisher		Links a publication to a publisher	Links a publication to its publisher	additional-properties-def.ttl.vm
http://nextprot.org/rdf#quality	quality		quality	quality	link between an annotation or evidence and its quality	Links an annotation or evidence to a quality qualifier	OK	schema-entry-isoform.ttl.vm
http://nextprot.org/rdf#recommendedName	recommendedName		recommended name	recommended name	Property linkng a protein or a gene to a recommended name	Links a protein entry, isoform or gene to a recommended name	Links a protein, isoform or gene to a recommended name	schema-ontology-list.ttl.vm
http://nextprot.org/rdf#redoxPotential	redoxPotential		redox potential	redox potential	Links an isoform to an annotation	Links an isoform to a redox potential annotation	OK	AnnotationCategory.java:label,schema-annotation-list.ttl.vm:comment
http://nextprot.org/rdf#reference	reference		reference	reference		Links an evidence to a reference (identifier, publication or cross-reference)	Links an entry or an evidence to an identifier, a publication or a cross-reference	additional-properties-def.ttl.vm
http://nextprot.org/rdf#region	region		region	region	Links an isoform to an annotation	Links an isoform to a region annotation	OK	AnnotationCategory.java:label,schema-annotation-list.ttl.vm:comment
http://nextprot.org/rdf#related	related		related	related	A relationship between two terms meaning that the their meaning is close to each other	A relationship between two terms indicating that their meaning is related	OK	schema-ontology-list.ttl.vm
http://nextprot.org/rdf#repeat	repeat		repeat	repeat	Links an isoform to an annotation	Links an isoform to a repeat annotation	OK	AnnotationCategory.java:label,schema-annotation-list.ttl.vm:comment
http://nextprot.org/rdf#secondaryStructure	secondaryStructure		secondary structure	secondary structure	Links an isoform to an annotation	Links an isoform to a secondary structure annotation	OK	AnnotationCategory.java:label,schema-annotation-list.ttl.vm:comment
http://nextprot.org/rdf#selenocysteine	selenocysteine		selenocysteine	selenocysteine	Links an isoform to an annotation	Links an isoform to a selenocysteine annotation	OK	AnnotationCategory.java:label,schema-annotation-list.ttl.vm:comment
http://nextprot.org/rdf#selfInteraction	selfInteraction		self interaction	self-interaction		Links a binary interaction annotation to a self interaction value, i.e. flag indicating that a protein entry or isoform interacts with itself	OK	additional-properties-def.ttl.vm
http://nextprot.org/rdf#sequence	sequence		sequence	protein sequence		Links an isoform to a sequence	Links an isoform to its protein sequence	additional-properties-def.ttl.vm
http://nextprot.org/rdf#sequenceCaution	sequenceCaution		sequence caution	sequence caution	Links an isoform to an annotation	Links an isoform to a sequence caution annotation	OK	AnnotationCategory.java:label,schema-annotation-list.ttl.vm:comment
http://nextprot.org/rdf#sequenceConflict	sequenceConflict		sequence conflict	sequence conflict	Links an isoform to an annotation	Links an isoform to a sequence conflict annotation	OK	AnnotationCategory.java:label,schema-annotation-list.ttl.vm:comment
http://nextprot.org/rdf#sequenceVersion	sequenceVersion		sequence version	sequence version		Property linking a sequence version assigned by UniProt to a protein entry	Links a UniprotHIstory to a version number	additional-properties-def.ttl.vm
http://nextprot.org/rdf#shortSequenceMotif	shortSequenceMotif		short sequence motif	short sequence motif	Links an isoform to an annotation	Links an isoform to a short sequence motif annotation	OK	AnnotationCategory.java:label,schema-annotation-list.ttl.vm:comment
http://nextprot.org/rdf#signalPeptide	signalPeptide		signal peptide	signal peptide	Links an isoform to an annotation	Links an isoform to a signal peptide annotation	OK	AnnotationCategory.java:label,schema-annotation-list.ttl.vm:comment
http://nextprot.org/rdf#site	site		site	site	Links an isoform to an annotation	Links an isoform to a site annotation (active site, binding site, etc.)	OK	AnnotationCategory.java:label,schema-annotation-list.ttl.vm:comment
http://nextprot.org/rdf#smallMoleculeInteraction	smallMoleculeInteraction		small molecule interaction	small molecule interaction	Links an isoform to an annotation	Links an isoform to a small molecule interaction annotation	OK	AnnotationCategory.java:label,schema-annotation-list.ttl.vm:comment
http://nextprot.org/rdf#srmPeptideMapping	srmPeptideMapping		srm peptide mapping	srm peptide mapping	Links an isoform to an annotation	Links an isoform to a SRM peptide mapping annotation	OK	AnnotationCategory.java:label,schema-annotation-list.ttl.vm:comment
http://nextprot.org/rdf#start	start		start	start		Links a positional annotation with the start of the positional feature	OK	additional-properties-def.ttl.vm
http://nextprot.org/rdf#strand	strand		strand	chromosome strand		Links a gene to a chromosome strand	Links a gene to its chromosome strand	additional-properties-def.ttl.vm
http://nextprot.org/rdf#subcellularLocation	subcellularLocation		subcellular location	subcellular location	Links an isoform to an annotation	Links an isoform to a subcellular location annotation	OK	AnnotationCategory.java:label,schema-annotation-list.ttl.vm:comment
http://nextprot.org/rdf#subcellularLocationNote	subcellularLocationNote		subcellular location info	subcellular location information	Links an isoform to an annotation	Links an isoform to a subcellular location information annotation	OK	AnnotationCategory.java:label,schema-annotation-list.ttl.vm:comment
http://nextprot.org/rdf#suffix	suffix		suffix	suffix		Links a publication to a suffix in an author name	Links a person to a suffix in their name -> shouldn't it be related to person name?	additional-properties-def.ttl.vm
http://nextprot.org/rdf#swissprotDisplayed	swissprotDisplayed		swissprot displayed	swissprot displayed		Links a protein entry to it being displayed in UniProt/Swiss-Prot	Links an isoform to it being displayed as canonical in UniProt/Swiss-Prot	additional-properties-def.ttl.vm
http://nextprot.org/rdf#swissprotPage	swissprotPage		swissprot page	swissprot page		Links a protein entry to a UniProt/Swiss-Prot protein entry web page	OK	additional-properties-def.ttl.vm
http://nextprot.org/rdf#temperatureDependence	temperatureDependence		temperature dependence	temperature dependence	Links an isoform to an annotation	Links an isoform to a temperature dependence annotation	OK	AnnotationCategory.java:label,schema-annotation-list.ttl.vm:comment
http://nextprot.org/rdf#term	term		term	term		Links an annotation to a concept used to classify annotation types	Links an annotation to a term	additional-properties-def.ttl.vm
http://nextprot.org/rdf#tissue	tissue		disease	tissue	Links a paricular tissue associated to the sample used in the experimental context	Links a tissue to an experimental context	Links an experimental context to a tissue	schema-experimental-context.ttl.vm
http://nextprot.org/rdf#title	title		title	title		Links a publication to a title	Links a publication to its title	additional-properties-def.ttl.vm
http://nextprot.org/rdf#topologicalDomain	topologicalDomain		topological domain	topological domain	Links an isoform to an annotation	Links an isoform to a topological domain annotation	OK	AnnotationCategory.java:label,schema-annotation-list.ttl.vm:comment
http://nextprot.org/rdf#topology	topology		topology	topology	Links an isoform to an annotation	Links an isoform to a topology annotation	OK	AnnotationCategory.java:label,schema-annotation-list.ttl.vm:comment
http://nextprot.org/rdf#transitPeptide	transitPeptide	Private	transit peptide	transit peptide	Links an isoform to an annotation	Links an isoform to a transit peptide annotation	OK	AnnotationCategory.java:label,schema-annotation-list.ttl.vm:comment
http://nextprot.org/rdf#transmembraneRegion	transmembraneRegion		transmembrane region	transmembrane region	Links an isoform to an annotation	Links an isoform to a transmembrane region annotation	OK	AnnotationCategory.java:label,schema-annotation-list.ttl.vm:comment
http://nextprot.org/rdf#transportActivity	transportActivity		transport activity	transport activity	Links an isoform to an annotation	Links an isoform to a transport activity annotation	OK	AnnotationCategory.java:label,schema-annotation-list.ttl.vm:comment
http://nextprot.org/rdf#turn	turn		turn	turn	Links an isoform to an annotation	Links an isoform to a turn annotation	OK	AnnotationCategory.java:label,schema-annotation-list.ttl.vm:comment
http://nextprot.org/rdf#undetectedExpression	undetectedExpression		undetected expression	undetected expression		Links an isoform to undetected level of expression in all experiments	expression model - under revision pam: links an isoform to an expression profile annotation where all experiments yield an undetectable expression	additional-properties-def.ttl.vm
http://nextprot.org/rdf#uniprotKeyword	uniprotKeyword		uniprot keyword	uniprot keyword	Links an isoform to an annotation	Links an isoform to a UniProt keyword annotation	OK	AnnotationCategory.java:label,schema-annotation-list.ttl.vm:comment
http://nextprot.org/rdf#updated	updated		updated	updated		Links a  UniprotHistory or NextprotHistory to the last update date	OK	additional-properties-def.ttl.vm
http://nextprot.org/rdf#variant	variant		variant	variant	Links an isoform to an annotation	Links an isoform to a variant annotation	OK	AnnotationCategory.java:label,schema-annotation-list.ttl.vm:comment
http://nextprot.org/rdf#variantInfo	variantInfo		variant info	variant information	Links an isoform to an annotation	Links an isoform to a variant information annotation	OK	AnnotationCategory.java:label,schema-annotation-list.ttl.vm:comment
http://nextprot.org/rdf#variation	variation		variation	variation		Links a variant annotation to the amino acid(s) variation found at the position of the variant	Links a variant, mutagenesis or conflict annotation to the amino acid(s) variation found at the position of the variant	additional-properties-def.ttl.vm
http://nextprot.org/rdf#version	version		version	version		Links a  UniprotHistory to sequence version	OK	additional-properties-def.ttl.vm
http://nextprot.org/rdf#volume	volume		volume	volume		Property linking a volume to a publication	Links a publication to its volume number	additional-properties-def.ttl.vm
http://nextprot.org/rdf#year	year		year	year		Links a publication to the year of publication	Links a publication to its year of publication	additional-properties-def.ttl.vm
http://nextprot.org/rdf#zincFingerRegion	zincFingerRegion		zinc finger region	zinc finger region	Links an isoform to an annotation	Links an isoform to a zinc finger region annotation	OK	AnnotationCategory.java:label,schema-annotation-list.ttl.vm:comment
